,平均PnL,PnL标准差,最大PnL,最小PnL,平均训练奖励
LSTM策略,21.00160464260578,0.00033889830894137673,21.00205621910095,21.000970125722883,-54.35916863982887
Fixed Spread,-337.0601156459246,82.58917742019375,-202.8827376416259,-431.47193246743376,
Avellaneda-Stoikov,-343.85091587506474,78.82182996654043,-203.9498699224643,-433.43521038465184,
